chunk,ttft_ms,batch_ms
64,724.319638684392,22.717414120155702
128,386.26284804195166,24.06974032302108
256,238.8404309749603,28.817265358649976
384,243.88742260634893,37.79568321470699
512,212.16091420501465,46.512369763106065
768,204.89425212144852,57.08294500131154
1024,201.51933562010527,74.69272611041859
