chunk,ttft,batch
64,0.724319638684392,0.022717414120155703
128,0.38626284804195166,0.02406974032302108
256,0.2388404309749603,0.028817265358649976
384,0.24388742260634894,0.03779568321470699
512,0.21216091420501465,0.04651236976310606
768,0.20489425212144852,0.057082945001311544
1024,0.20151933562010527,0.07469272611041859
